{
    "Version": "2012-10-17",
    "Id": "key-default-1",
    "Statement": [
        {
            "Sid": "Enable IAM User Permissions",
            "Effect": "Allow",
            "Principal": {
                "AWS": "arn:aws:iam::${account_id}:root"
            },
            "Action": "kms:*",
            "Resource": "*"
        },
        {
            "Sid": "Allow service-linked role use of the CMK",
            "Effect": "Allow",
            "Principal": {
                "AWS": [
                    "arn:aws:iam::${account_id}:role/aws-service-role/autoscaling.amazonaws.com/AWSServiceRoleForAutoScaling"
                ]
            },
            "Action": [
                "kms:Encrypt",
                "kms:Decrypt",
                "kms:ReEncrypt*",
                "kms:GenerateDataKey*",
                "kms:DescribeKey"
            ],
            "Resource": "*"
        },
        {
            "Sid": "Allow attachment of persistent resources",
            "Effect": "Allow",
            "Principal": {
                "AWS": "arn:aws:iam::${account_id}:role/aws-service-role/autoscaling.amazonaws.com/AWSServiceRoleForAutoScaling"
            },
            "Action": "kms:CreateGrant",
            "Resource": "*",
            "Condition": {
                "Bool": {
                    "kms:GrantIsForAWSResource": "true"
                }
            }
        },
        {
            "Effect": "Allow",
            "Principal": {
                "Service": "logs.${region}.amazonaws.com"
            },
            "Action": [
                "kms:Encrypt*",
                "kms:Decrypt*",
                "kms:ReEncrypt*",
                "kms:GenerateDataKey*",
                "kms:Describe*"
            ],
            "Resource": "*"
        }
    ]
}